1persProns,2persProns,3persProns,ADV,Nouns,TTR,WHclauses,amplifiers,analNegn,attrAdj,beAsMain,bingui,c_s,c_tu,causative,conditional,conjuncts,contractions,cp_c,cp_tu,ctu_tu,dc_c,demonstrProns,discoursePart,doAsProVerb,downtoners,fk_ease,generalEmphatics,impersProns,indefProns,km_score,mattr,mls,mlt,msttr,mtld,necessModals,nlm,nominalizations,nws_90,otherSubord,pa,pastVerbs,piedPiping,placeAdverbials,possibModals,predicModals,preposn,presVerbs,privateVerbs,ps_30,publicVerbs,seemappear,sncRelatives,strandedPrep,suasiveVerbs,syntNegn,thatDeletion,timeAdverbials,tu_s,uni_gram_lem,whQuestions,wordLength
0.0,0.0,0.0,0.0,0.14285713605442207,0.8095237709750585,0.0,0.0,0.0,0.09523809070294806,0.0,0.0,1.0,1.0,0.0,0.0,0.0,0.0,0.0,0.0,0.0,0.0,0.0,0.0,0.0,0.0,69.62914285714288,0.0,0.0,0.0,178.44899999999998,41.15999999999999,4.2,4.2,0.0,41.15999999999999,0.0,5.571428571428571,0.0,7.0,0.0,0.7142857142857143,0.0,0.0,0.0,0.0,0.0,0.09523809070294806,0.0,0.0,0.0,0.0,0.0,0.0,0.0,0.0,0.0,0.0,0.0,1.0,-12.040493338743556,0.0,5.857142578231305
0.0,0.0,0.0,0.0,0.16279069388858852,0.8604650962682536,0.0,0.0,0.0,0.09302325365062201,0.04651162682531101,0.1,1.1,1.0,0.0,0.0,0.09302325365062201,0.0,0.09090909090909091,0.09090909090909091,0.0,0.09090909090909091,0.04651162682531101,0.0,0.0,0.0,69.70081818181819,0.0,0.0,0.0,151.75,149.33333333333343,4.4,4.0,0.0,149.33333333333343,0.0,4.295454545454546,0.0,10.0,0.0,0.38636363636363635,0.04651162682531101,0.0,0.0,0.0,0.0,0.13953488047593302,0.0,0.0,0.0,0.04651162682531101,0.0,0.0,0.0,0.0,0.0,0.04651162682531101,0.0,1.1,-8.847495596448391,0.0,4.488371988642512
0.0,0.0,0.033333332222222255,0.033333332222222255,0.09999999666666677,0.899999970000001,0.033333332222222255,0.0,0.0,0.033333332222222255,0.0,2.0,2.0,2.0,0.0,0.0,0.06666666444444451,0.0,0.0,0.0,1.0,0.5,0.033333332222222255,0.0,0.0,0.0,73.17000000000003,0.0,0.033333332222222255,0.0,160.863,78.49333333333335,15.0,15.0,0.0,78.49333333333335,0.0,4.2,0.0,11.0,0.0,0.4666666666666667,0.06666666444444451,0.0,0.0,0.0,0.06666666444444451,0.09999999666666677,0.0,0.0,0.0,0.033333332222222255,0.0,0.0,0.0,0.0,0.0,0.033333332222222255,0.0,1.0,-9.54591192872335,0.033333332222222255,4.43333318555556
0.0,0.0,0.016393442354205864,0.016393442354205864,0.16393442354205864,0.8360655600644991,0.016393442354205864,0.0,0.0,0.016393442354205864,0.0,0.3,1.2,1.0,0.0,0.0,0.03278688470841173,0.03278688470841173,0.16666666666666666,0.16666666666666666,0.0,0.16666666666666666,0.0,0.0,0.016393442354205864,0.0,67.50251639344265,0.0,0.0,0.0,130.1525,125.44000000000001,6.1,5.083333333333333,0.86,125.44000000000001,0.0,4.409836065573771,0.0,2.0,0.016393442354205864,0.47540983606557374,0.06557376941682345,0.0,0.016393442354205864,0.0,0.016393442354205864,0.08196721177102932,0.016393442354205864,0.016393442354205864,0.0,0.0,0.0,0.0,0.0,0.016393442354205864,0.0,0.016393442354205864,0.0,1.2,-9.73752669763171,0.016393442354205864,4.688524513302877
0.0,0.0,0.022727272210743815,0.0,0.13636363326446288,0.7954545273760335,0.022727272210743815,0.0,0.0,0.11363636105371908,0.0,2.0,2.0,2.0,0.0,0.0,0.04545454442148763,0.022727272210743815,0.0,0.0,1.0,0.5,0.022727272210743815,0.0,0.0,0.0,59.527727272727276,0.0,0.0,0.0,136.83,64.715,22.0,22.0,0.0,64.715,0.0,4.295454545454546,0.0,31.0,0.0,0.4772727272727273,0.06818181663223144,0.0,0.0,0.0,0.0,0.13636363326446288,0.0,0.0,0.5,0.0,0.0,0.0,0.0,0.0,0.0,0.0,0.0,1.0,-9.33490094817808,0.022727272210743815,4.6136362587809945
0.0,0.0,0.037037035665294975,0.037037035665294975,0.07407407133058995,0.9259258916323744,0.0,0.0,0.0,0.11111110699588492,0.0,0.2857142857142857,1.2857142857142858,1.2857142857142858,0.0,0.0,0.07407407133058995,0.037037035665294975,0.0,0.0,0.2857142857142857,0.2222222222222222,0.0,0.0,0.0,0.0,58.78666666666669,0.0,0.0,0.0,169.229,174.9999999999999,3.857142857142857,3.857142857142857,0.0,174.9999999999999,0.0,5.037037037037037,0.0,1.0,0.0,0.6666666666666666,0.0,0.0,0.0,0.0,0.0,0.1481481426611799,0.0,0.0,0.0,0.0,0.0,0.0,0.0,0.0,0.0,0.0,0.0,1.0,-9.764298202988561,0.0,5.444444242798361
0.0,0.0,0.0,0.04444444345679015,0.08888888691358031,0.7999999822222227,0.0,0.0,0.0,0.11111110864197538,0.0,0.25,1.5,1.5,0.0,0.0,0.04444444345679015,0.0,0.0,0.0,0.25,0.3333333333333333,0.022222221728395074,0.0,0.0,0.0,40.67554347826092,0.0,0.0,0.0,133.50349999999997,63.00000000000002,11.5,11.5,0.0,63.00000000000002,0.0,5.043478260869565,0.04444444345679015,10.0,0.0,0.5,0.022222221728395074,0.0,0.0,0.0,0.0,0.1555555520987655,0.022222221728395074,0.0,0.0,0.04444444345679015,0.0,0.0,0.0,0.0,0.0,0.04444444345679015,0.0,1.0,-9.630561042411928,0.0,5.333333214814818
0.0,0.0,0.0,0.027777777006172864,0.16666666203703717,0.8888888641975317,0.0,0.0,0.0,0.027777777006172864,0.0,0.3333333333333333,1.3333333333333333,1.3333333333333333,0.0,0.0,0.05555555401234573,0.0,0.0,0.0,0.16666666666666666,0.25,0.0,0.0,0.0,0.0,66.79500000000002,0.0,0.027777777006172864,0.0,158.958,114.33333333333331,6.0,6.0,0.0,114.33333333333331,0.0,4.972222222222222,0.0,0.0,0.0,0.6666666666666666,0.0,0.0,0.0,0.0,0.027777777006172864,0.1388888850308643,0.0,0.0,0.0,0.0,0.0,0.0,0.0,0.0,0.0,0.0,0.0,1.0,-10.934816078839939,0.0,5.222222077160498
0.0,0.0,0.09615384430473377,0.03846153772189351,0.076923075443787,0.7884615232988169,0.0,0.0,0.0,0.03846153772189351,0.0,0.0,1.2,1.2,0.0,0.0,0.07692307544378701,0.0,0.0,0.0,0.2,0.16666666666666666,0.05769230658284026,0.0,0.0,0.019230768860946754,62.87130769230771,0.0,0.0,0.0,136.09199999999998,100.0,10.4,10.4,0.82,100.0,0.0,4.4423076923076925,0.05769230658284026,8.0,0.0,0.34615384615384615,0.03846153772189351,0.0,0.0,0.0,0.03846153772189351,0.09615384430473377,0.019230768860946754,0.019230768860946754,0.0,0.019230768860946754,0.0,0.0,0.0,0.0,0.0,0.03846153772189351,0.019230768860946754,1.0,-8.979085727280484,0.0,4.55769222004438
0.0,0.0,0.04545454442148763,0.0,0.1363636332644629,0.8409090717975212,0.0,0.0,0.0,0.13636363326446288,0.022727272210743815,1.0,1.5,1.2,0.0,0.0,0.09090908884297526,0.0,0.16666666666666666,0.2,0.2,0.3333333333333333,0.0,0.0,0.0,0.0,64.9245454545455,0.0,0.0,0.0,145.787,86.28666666666666,11.0,8.8,0.0,86.28666666666666,0.0,4.659090909090909,0.022727272210743815,11.0,0.0,0.5227272727272727,0.04545454442148763,0.0,0.0,0.0,0.0,0.1590909054752067,0.0,0.0,0.0,0.0,0.0,0.0,0.0,0.0,0.0,0.0,0.022727272210743815,1.25,-9.310172567246363,0.0,4.818181708677689
0.0,0.0,0.0,0.06249999804687507,0.15624999511718768,0.874999972656251,0.031249999023437534,0.0,0.0,0.06249999804687507,0.031249999023437534,2.0,2.0,2.0,0.0,0.0,0.12499999609375013,0.0,0.0,0.0,1.0,0.5,0.0,0.0,0.0,0.0,15.730000000000018,0.031249999023437534,0.031249999023437534,0.0,130.36,71.68,32.0,32.0,0.0,71.68,0.0,5.375,0.0937499970703126,21.0,0.0,0.5625,0.031249999023437534,0.0,0.0,0.0,0.0,0.15624999511718765,0.0,0.0,0.0,0.031249999023437534,0.0,0.0,0.0,0.0,0.0,0.031249999023437534,0.0,1.0,-9.497532582304078,0.031249999023437534,5.531249827148443
0.0,0.0,0.0,0.0,0.06666666222222252,0.8666666088888928,0.06666666222222252,0.0,0.0,0.0,0.0,1.0,1.5,1.0,0.0,0.0,0.0,0.0,0.3333333333333333,0.3333333333333333,0.0,0.3333333333333333,0.0,0.0,0.0,0.0,41.30250000000001,0.0,0.0,0.0,178.77949999999998,63.00000000000002,7.5,5.0,0.0,63.00000000000002,0.0,5.466666666666667,0.06666666222222252,4.0,0.0,0.8666666666666667,0.13333332444444504,0.0,0.0,0.0,0.0,0.13333332444444504,0.0,0.0,0.0,0.0,0.0,0.0,0.0,0.0,0.0,0.0,0.0,1.5,-11.141948739172184,0.06666666222222252,5.666666288888915
0.0,0.0,0.0,0.031249999023437534,0.12499999609375012,0.8437499736328133,0.0,0.0,0.0,0.06249999804687507,0.031249999023437534,3.0,1.0,1.0,0.0,0.0,0.06249999804687507,0.0,0.0,0.0,0.0,0.0,0.0,0.0,0.0,0.0,42.16750000000002,0.0,0.0,0.0,137.72000000000003,58.86999999999998,32.0,32.0,0.0,58.86999999999998,0.0,4.4375,0.031249999023437534,32.0,0.0,0.59375,0.06249999804687507,0.0,0.0,0.0,0.0,0.21874999316406274,0.0,0.0,1.0,0.031249999023437534,0.0,0.0,0.0,0.0,0.0,0.031249999023437534,0.031249999023437534,1.0,-9.572407157978239,0.0,4.624999855468755
0.0,0.0,0.0,0.015151514921946744,0.13636363429752069,0.7121212013314969,0.03030302984389349,0.0,0.0,0.09090908953168046,0.0,0.75,2.25,1.5,0.015151514921946744,0.0,0.03030302984389349,0.015151514921946744,0.2222222222222222,0.3333333333333333,0.3333333333333333,0.5555555555555556,0.0,0.0,0.0,0.0,58.0602272727273,0.0,0.0,0.0,114.4445,71.74588235294118,16.5,11.0,0.74,71.74588235294118,0.0,4.636363636363637,0.03030302984389349,8.0,0.0,0.42424242424242425,0.06060605968778698,0.0,0.0,0.0,0.03030302984389349,0.12121211937557395,0.015151514921946744,0.0,0.0,0.0,0.0,0.015151514921946744,0.0,0.0,0.0,0.0,0.0,1.5,-9.086978928982541,0.015151514921946744,4.787878715335171
0.0,0.0,0.023255813412655504,0.023255813412655504,0.18604650730124403,0.7906976560302871,0.0,0.0,0.0,0.04651162682531101,0.023255813412655504,0.8,1.0,1.0,0.0,0.0,0.09302325365062201,0.0,0.0,0.0,0.0,0.0,0.0,0.0,0.0,0.0,74.15716279069768,0.0,0.0,0.0,151.90300000000002,57.76,8.6,8.6,0.0,57.76,0.0,4.27906976744186,0.023255813412655504,15.0,0.0,0.4883720930232558,0.023255813412655504,0.0,0.0,0.0,0.0,0.18604650730124403,0.0,0.023255813412655504,0.0,0.023255813412655504,0.0,0.0,0.0,0.0,0.0,0.04651162682531101,0.0,1.0,-9.49049065511171,0.0,4.418604548404546
0.0,0.0,0.0,0.0,0.19230768491124287,0.8846153505917173,0.0,0.0,0.0,0.03846153698224858,0.0,0.4,1.2,1.2,0.0,0.0,0.0,0.0,0.0,0.0,0.2,0.16666666666666666,0.0,0.0,0.0,0.0,74.65700000000002,0.0,0.0,0.0,173.018,135.52000000000015,5.2,5.2,0.0,135.52000000000015,0.0,4.615384615384615,0.03846153698224858,1.0,0.0,0.6153846153846154,0.07692307396449716,0.0,0.0,0.03846153698224858,0.0,0.26923075887574005,0.0,0.0,0.0,0.0,0.0,0.0,0.0,0.0,0.0,0.0,0.0,1.0,-9.928687264511037,0.0,4.769230585798823
0.0,0.0,0.0,0.0,0.21874999316406274,0.874999972656251,0.0,0.0,0.0,0.031249999023437534,0.0,0.5714285714285714,1.2857142857142858,1.0,0.0,0.0,0.12499999609375013,0.0,0.2222222222222222,0.2222222222222222,0.0,0.2222222222222222,0.0,0.0,0.0,0.0,35.638750000000044,0.0,0.0,0.0,155.99200000000002,67.27000000000001,4.571428571428571,3.5555555555555554,0.0,67.27000000000001,0.0,5.4375,0.0,4.0,0.0,0.71875,0.031249999023437534,0.0,0.0,0.031249999023437534,0.0,0.06249999804687507,0.0,0.0,0.0,0.0,0.0,0.0,0.0,0.0,0.0,0.0,0.0,1.2857142857142858,-10.249355377745596,0.0,5.624999824218756
0.021276595291987336,0.0,0.0,0.04255319058397467,0.1702127623358987,0.8085106210955187,0.021276595291987336,0.0,0.0,0.04255319058397467,0.021276595291987336,0.4444444444444444,1.4444444444444444,1.4444444444444444,0.0,0.0,0.08510638116794934,0.0,0.0,0.0,0.3333333333333333,0.3076923076923077,0.021276595291987336,0.0,0.0,0.0,50.33444444444447,0.0,0.0,0.0,139.87544444444444,70.87499999999999,5.222222222222222,5.222222222222222,0.0,70.87499999999999,0.0,4.9787234042553195,0.04255319058397467,0.0,0.0,0.6382978723404256,0.021276595291987336,0.0,0.0,0.0,0.0,0.10638297645993668,0.0,0.0,0.0,0.0,0.0,0.0,0.0,0.0,0.0,0.0,0.0,1.0,-10.709240738147122,0.021276595291987336,5.19148925124491
0.0,0.0,0.0,0.032258063475546335,0.12903225390218534,0.9032257773152975,0.06451612695109267,0.0,0.0,0.19354838085327802,0.0,1.5,2.5,1.25,0.0,0.0,0.19354838085327802,0.0,0.4,0.5,0.25,0.6,0.0,0.0,0.0,0.0,16.44443548387102,0.0,0.0,0.0,144.1635,89.69333333333331,15.5,7.75,0.0,89.69333333333331,0.0,6.096774193548387,0.0,16.0,0.0,0.7419354838709677,0.032258063475546335,0.0,0.0,0.0,0.0,0.06451612695109267,0.0,0.0,0.0,0.0,0.0,0.0,0.0,0.0,0.0,0.0,0.0,2.0,-10.559319724463588,0.032258063475546335,6.225806250780443
0.0,0.0,0.0,0.0,0.199999996923077,0.76923075739645,0.015384615147928998,0.0,0.0,0.07692307573964499,0.0,1.0,1.75,1.4,0.015384615147928998,0.0,0.12307692118343198,0.0,0.14285714285714285,0.2,0.4,0.42857142857142855,0.0,0.0,0.0,0.0,30.252019230769235,0.0,0.015384615147928998,0.0,99.97825,80.14461538461539,16.25,13.0,0.78,80.14461538461539,0.0,5.123076923076923,0.0,15.0,0.0,0.5076923076923077,0.04615384544378699,0.0,0.0,0.015384615147928998,0.0,0.12307692118343198,0.030769230295857996,0.0,0.25,0.0,0.0,0.015384615147928998,0.0,0.0,0.0,0.0,0.0,1.25,-9.132152960837441,0.0,5.215384535147931
0.0,0.0,0.0,0.0,0.1666666597222225,0.8749999635416682,0.0,0.0,0.0,0.08333332986111125,0.041666664930555625,0.3333333333333333,1.0,1.0,0.0,0.0,0.08333332986111125,0.0,0.0,0.0,0.0,0.0,0.041666664930555625,0.0,0.0,0.0,61.24000000000001,0.0,0.0,0.0,170.176,53.760000000000005,8.0,8.0,0.0,53.760000000000005,0.0,4.458333333333333,0.0,12.0,0.0,0.375,0.08333332986111125,0.0,0.0,0.0,0.041666664930555625,0.12499999479166687,0.0,0.0,0.0,0.041666664930555625,0.0,0.0,0.0,0.0,0.0,0.041666664930555625,0.0,1.0,-8.94643832182746,0.0,4.541666477430563
0.0,0.0,0.0,0.035087718682671604,0.08771929670667901,0.7543859516774395,0.035087718682671604,0.0,0.0,0.035087718682671604,0.017543859341335802,0.9,1.5,1.25,0.0,0.0,0.07017543736534321,0.017543859341335802,0.13333333333333333,0.16666666666666666,0.16666666666666666,0.3333333333333333,0.0,0.0,0.0,0.0,76.96524137931037,0.0,0.0,0.0,138.553,54.32378500160927,5.8,4.833333333333333,0.78,54.32378500160927,0.0,4.672413793103448,0.017543859341335802,4.0,0.0,0.6551724137931034,0.052631578024007405,0.0,0.0,0.0,0.0,0.08771929670667901,0.0,0.0,0.0,0.0,0.0,0.0,0.0,0.0,0.0,0.0,0.017543859341335802,1.2,-10.283658829395224,0.035087718682671604,5.070175349646047
0.0,0.0,0.0,0.0,0.15624999511718765,0.937499970703126,0.0,0.0,0.0,0.12499999609375013,0.0,0.0,1.5,1.5,0.0,0.0,0.06249999804687507,0.031249999023437534,0.0,0.0,0.25,0.3333333333333333,0.031249999023437534,0.0,0.0,0.0,90.32125,0.0,0.0,0.0,168.704,269.08000000000027,8.0,8.0,0.0,269.08000000000027,0.0,3.90625,0.0,5.0,0.0,0.3125,0.031249999023437534,0.0,0.0,0.0,0.031249999023437534,0.0937499970703126,0.0,0.0,0.0,0.031249999023437534,0.031249999023437534,0.0,0.0,0.0,0.0,0.031249999023437534,0.031249999023437534,1.0,-8.739620754518672,0.0,4.249999867187505
0.0,0.0,0.0,0.0,0.10526315235457093,0.9473683711911383,0.0,0.0,0.0,0.10526315235457093,0.0,0.25,1.25,1.0,0.0,0.0,0.0,0.0,0.2,0.2,0.0,0.2,0.0,0.0,0.0,0.0,68.43480263157898,0.0,0.0,0.0,180.09875,0.0,4.75,3.8,0.0,0.0,0.0,4.7894736842105265,0.0,3.0,0.0,0.5789473684210527,0.05263157617728546,0.0,0.0,0.0,0.0,0.10526315235457093,0.0,0.0,0.0,0.0,0.0,0.0,0.0,0.0,0.0,0.0,0.0,1.25,-10.76182173088813,0.0,4.999999736842119
0.0,0.0,0.034482757431629055,0.034482757431629055,0.06896551486325811,0.9310344506539844,0.034482757431629055,0.0,0.0,0.034482757431629055,0.0,3.0,2.0,2.0,0.0,0.0,0.06896551486325811,0.0,0.0,0.0,1.0,0.5,0.034482757431629055,0.0,0.0,0.0,81.26232758620691,0.0,0.034482757431629055,0.0,164.3145,109.76000000000008,14.5,14.5,0.0,109.76000000000008,0.0,4.0344827586206895,0.0,11.0,0.0,0.5862068965517241,0.06896551486325811,0.0,0.0,0.0,0.06896551486325811,0.06896551486325811,0.0,0.0,0.0,0.034482757431629055,0.0,0.0,0.0,0.0,0.0,0.034482757431629055,0.0,1.0,-10.610149208595635,0.034482757431629055,4.344827436385261
0.0,0.0,0.0,0.0,0.1521739097353498,0.7391304187145562,0.04347825992438566,0.0,0.0,0.13043477977315696,0.04347825992438566,0.0,1.125,1.125,0.0,0.0,0.08695651984877131,0.0,0.0,0.0,0.125,0.1111111111111111,0.0,0.0,0.0,0.0,69.47187500000004,0.0,0.0,0.0,147.308875,67.76000000000002,5.875,5.875,0.0,67.76000000000002,0.0,4.446808510638298,0.0,7.0,0.0,0.5319148936170213,0.02173912996219283,0.0,0.0,0.0,0.0,0.13043477977315696,0.0,0.0,0.0,0.0,0.0,0.0,0.0,0.0,0.0,0.0,0.0,1.0,-9.705301955460238,0.04347825992438566,4.673912941871458
0.0,0.0,0.0,0.0,0.16666663888889352,0.9999998333333611,0.0,0.0,0.0,0.16666663888889352,0.0,0.0,1.0,1.0,0.0,0.0,0.0,0.0,0.0,0.0,0.0,0.0,0.0,0.0,0.0,0.0,35.94333333333336,0.0,0.0,0.0,197.94833333333332,0.0,1.6666666666666667,1.6666666666666667,0.0,0.0,0.0,6.0,0.0,3.0,0.0,1.2,0.0,0.0,0.0,0.0,0.0,0.0,0.0,0.0,0.0,0.0,0.0,0.0,0.0,0.0,0.0,0.0,0.0,1.0,-12.773208938429336,0.0,5.333332444444593
0.0,0.0,0.031746031242126486,0.015873015621063243,0.1428571405895692,0.8253968122952887,0.015873015621063243,0.0,0.0,0.015873015621063243,0.0,0.3,1.1,1.0,0.0,0.0,0.031746031242126486,0.015873015621063243,0.09090909090909091,0.09090909090909091,0.0,0.09090909090909091,0.0,0.0,0.015873015621063243,0.0,67.49764285714289,0.0,0.0,0.0,127.7415,134.56,6.3,5.7272727272727275,0.86,134.56,0.0,4.396825396825397,0.015873015621063243,2.0,0.015873015621063243,0.4603174603174603,0.06349206248425297,0.0,0.015873015621063243,0.0,0.015873015621063243,0.07936507810531622,0.015873015621063243,0.015873015621063243,0.0,0.0,0.0,0.0,0.0,0.031746031242126486,0.0,0.031746031242126486,0.0,1.1,-9.476409381742991,0.015873015621063243,4.587301514487278
0.0,0.0,0.024390243307555043,0.0,0.12195121653777521,0.8292682724568714,0.024390243307555043,0.0,0.0,0.12195121653777521,0.0,1.3333333333333333,1.6666666666666667,1.6666666666666667,0.0,0.0,0.048780486615110086,0.024390243307555043,0.0,0.0,0.6666666666666666,0.4,0.024390243307555043,0.0,0.0,0.0,65.03162601626018,0.0,0.0,0.0,147.49633333333333,74.66666666666667,13.666666666666666,13.666666666666666,0.0,74.66666666666667,0.0,4.365853658536586,0.0,6.0,0.0,0.4878048780487805,0.07317072992266513,0.0,0.0,0.0,0.0,0.12195121653777521,0.0,0.0,0.0,0.0,0.0,0.0,0.0,0.0,0.0,0.0,0.0,1.0,-9.638696651939702,0.024390243307555043,4.707316958358123
0.0,0.0,0.03773584834460664,0.03773584834460664,0.16981131755072987,0.8113207394090427,0.01886792417230332,0.0,0.0,0.03773584834460664,0.01886792417230332,0.3,1.3,1.0833333333333333,0.0,0.0,0.15094339337842655,0.01886792417230332,0.15384615384615385,0.16666666666666666,0.08333333333333333,0.23076923076923078,0.0,0.0,0.0,0.0,60.35400000000001,0.0,0.01886792417230332,0.0,135.279,91.03500000000001,5.4,4.5,0.84,91.03500000000001,0.0,4.814814814814815,0.0,5.0,0.0,0.48148148148148145,0.056603772516909956,0.0,0.0,0.0,0.0,0.0943396208615166,0.0,0.0,0.0,0.01886792417230332,0.0,0.0,0.0,0.0,0.0,0.01886792417230332,0.0,1.2,-9.312024555285586,0.01886792417230332,5.188679147383413
0.0,0.0,0.0,0.0476190464852608,0.0952380929705216,0.7857142670068032,0.0,0.0,0.0,0.119047616213152,0.0,0.25,1.25,1.25,0.0,0.0,0.0476190464852608,0.0,0.0,0.0,0.25,0.2,0.0238095232426304,0.0,0.0,0.0,40.495843023255844,0.0,0.0,0.0,137.94475,54.88,10.75,10.75,0.0,54.88,0.0,5.093023255813954,0.0476190464852608,10.0,0.0,0.5116279069767442,0.0,0.0,0.0,0.0,0.0,0.1428571394557824,0.0238095232426304,0.0,0.0,0.0238095232426304,0.0,0.0,0.0,0.0,0.0,0.0238095232426304,0.0,1.0,-9.807866395070397,0.0,5.404761776077101
0.0,0.0,0.0,0.24999993750001562,0.0,0.9999997500000625,0.0,0.0,0.0,0.0,0.0,0.0,1.0,1.0,0.0,0.0,0.0,0.24999993750001562,0.0,0.0,0.0,0.0,0.0,0.0,0.0,0.0,119.19000000000003,0.0,0.0,0.0,201.747,0.0,3.0,3.0,0.0,0.0,0.0,4.333333333333333,0.0,3.0,0.0,2.6666666666666665,0.0,0.0,0.0,0.0,0.0,0.0,0.0,0.0,0.0,0.0,0.0,0.0,0.0,0.0,0.0,0.0,0.0,1.0,-27.95022632749486,0.0,5.999998500000375
0.0,0.0,0.0,0.026315788781163457,0.15789473268698073,0.8947368185595574,0.0,0.0,0.0,0.026315788781163457,0.0,0.5,1.3333333333333333,1.3333333333333333,0.0,0.0,0.05263157756232691,0.0,0.0,0.0,0.3333333333333333,0.25,0.0,0.0,0.0,0.0,66.82771929824563,0.0,0.026315788781163457,0.0,156.41166666666666,127.77333333333341,6.333333333333333,6.333333333333333,0.0,127.77333333333341,0.0,5.026315789473684,0.0,15.0,0.0,0.6842105263157895,0.0,0.0,0.0,0.0,0.026315788781163457,0.13157894390581729,0.0,0.0,0.0,0.0,0.0,0.0,0.0,0.0,0.0,0.0,0.0,1.0,-11.171217720067952,0.0,5.289473545013855
0.0,0.0,0.07692307544378701,0.05769230658284026,0.09615384430473375,0.8076922921597637,0.0,0.0,0.019230768860946754,0.05769230658284026,0.019230768860946754,0.0,1.0,1.0,0.0,0.0,0.07692307544378701,0.0,0.0,0.0,0.0,0.0,0.05769230658284026,0.0,0.0,0.019230768860946754,64.49823076923079,0.0,0.0,0.0,136.82799999999997,100.0,10.4,10.4,0.82,100.0,0.0,4.25,0.03846153772189351,8.0,0.0,0.28846153846153844,0.019230768860946754,0.0,0.0,0.0,0.03846153772189351,0.09615384430473377,0.019230768860946754,0.019230768860946754,0.0,0.019230768860946754,0.0,0.0,0.0,0.0,0.0,0.03846153772189351,0.019230768860946754,1.0,-8.796359782572246,0.0,4.365384531434913
0.0,0.0,0.035714284438775556,0.0,0.17857142219387778,0.8928571109693889,0.0,0.0,0.0,0.14285713775510223,0.035714284438775556,0.25,1.25,1.25,0.0,0.0,0.07142856887755111,0.0,0.0,0.0,0.25,0.2,0.0,0.0,0.0,0.0,84.9157142857143,0.0,0.0,0.0,171.92700000000002,51.03,7.0,7.0,0.0,51.03,0.0,4.178571428571429,0.0,7.0,0.0,0.35714285714285715,0.035714284438775556,0.0,0.0,0.0,0.0,0.17857142219387778,0.0,0.0,0.0,0.0,0.0,0.0,0.0,0.0,0.0,0.0,0.0,1.0,-8.354218057963346,0.0,4.285714132653067
0.0,0.0,0.0,0.0,0.07692307100591762,0.9230768520710114,0.07692307100591762,0.0,0.0,0.0,0.0,0.5,1.0,1.0,0.0,0.0,0.0,0.0,0.0,0.0,0.0,0.0,0.0,0.0,0.0,0.0,57.06826923076926,0.0,0.0,0.0,184.2105,0.0,6.5,6.5,0.0,0.0,0.0,5.3076923076923075,0.07692307100591762,4.0,0.0,0.8461538461538461,0.15384614201183525,0.0,0.0,0.0,0.0,0.07692307100591762,0.0,0.0,0.0,0.0,0.0,0.0,0.0,0.0,0.0,0.0,0.0,1.0,-10.963582202895028,0.07692307100591762,5.461538041420151
0.0,0.0,0.0,0.034482757431629055,0.13793102972651622,0.8620689357907263,0.0,0.0,0.0,0.034482757431629055,0.034482757431629055,0.5,1.0,1.0,0.0,0.0,0.06896551486325811,0.0,0.0,0.0,0.0,0.0,0.0,0.0,0.0,0.0,63.75887931034484,0.0,0.0,0.0,159.8985,94.64000000000007,14.5,14.5,0.0,94.64000000000007,0.0,4.448275862068965,0.06896551486325811,16.0,0.0,0.5517241379310345,0.034482757431629055,0.0,0.0,0.0,0.0,0.17241378715814526,0.0,0.0,0.0,0.034482757431629055,0.0,0.0,0.0,0.0,0.0,0.034482757431629055,0.034482757431629055,1.0,-9.65874938799793,0.0,4.620689495838293
0.0,0.0,0.0,0.0,0.4285713673469475,0.9999998571428775,0.0,0.0,0.0,0.1428571224489825,0.0,0.0,1.0,1.0,0.0,0.0,0.0,0.0,0.0,0.0,0.0,0.0,0.0,0.0,0.0,0.0,63.80500000000001,0.0,0.0,0.0,197.61,0.0,2.0,2.0,0.0,0.0,0.0,4.666666666666667,0.0,1.0,0.0,1.3333333333333333,0.0,0.0,0.0,0.0,0.1428571224489825,0.0,0.0,0.0,0.0,0.0,0.0,0.0,0.0,0.0,0.0,0.0,0.0,1.0,-13.333333333333334,0.0,4.285713673469475
0.0,0.0,0.0,0.03030302984389349,0.12121211937557395,0.6363636267217633,0.03030302984389349,0.0,0.0,0.07575757460973372,0.015151514921946744,0.42857142857142855,1.4285714285714286,1.1111111111111112,0.0,0.0,0.09090908953168046,0.0,0.2,0.2222222222222222,0.1111111111111111,0.3,0.0,0.0,0.0,0.0,74.21045454545457,0.0,0.0,0.0,126.774,66.0,9.428571428571429,7.333333333333333,0.68,66.0,0.015151514921946744,4.393939393939394,0.0,8.0,0.0,0.36363636363636365,0.06060605968778698,0.0,0.0,0.0,0.015151514921946744,0.12121211937557395,0.015151514921946744,0.0,0.0,0.0,0.0,0.015151514921946744,0.0,0.0,0.0,0.0,0.0,1.2857142857142858,-8.850805976114847,0.015151514921946744,4.499999931818183
0.0,0.0,0.04255319058397467,0.021276595291987336,0.19148935762788602,0.7872340258035314,0.0,0.0,0.0,0.06382978587596201,0.021276595291987336,0.8,1.2,1.0,0.0,0.0,0.04255319058397467,0.0,0.16666666666666666,0.16666666666666666,0.0,0.16666666666666666,0.0,0.0,0.0,0.0,71.29400000000003,0.0,0.021276595291987336,0.0,145.93900000000002,61.74000000000001,9.4,7.833333333333333,0.0,61.74000000000001,0.0,4.340425531914893,0.021276595291987336,15.0,0.0,0.48936170212765956,0.021276595291987336,0.0,0.0,0.0,0.0,0.19148935762788602,0.021276595291987336,0.021276595291987336,0.0,0.021276595291987336,0.0,0.0,0.0,0.0,0.0,0.04255319058397467,0.0,1.2,-9.268497655039623,0.0,4.46808501131734
0.0,0.0,0.0,0.0,0.15384614792899431,0.8846153505917173,0.0,0.0,0.0,0.03846153698224858,0.0,0.4,1.6,1.6,0.0,0.0,0.0,0.03846153698224858,0.0,0.0,0.2,0.375,0.0,0.0,0.0,0.0,74.65700000000002,0.0,0.0,0.0,173.018,135.52000000000015,5.2,5.2,0.0,135.52000000000015,0.0,4.615384615384615,0.03846153698224858,1.0,0.0,0.6153846153846154,0.07692307396449716,0.0,0.0,0.03846153698224858,0.0,0.26923075887574005,0.0,0.0,0.0,0.0,0.0,0.0,0.0,0.0,0.0,0.0,0.0,1.0,-10.313302649126419,0.0,4.807692122781072
0.0,0.0,0.0,0.0,0.24999993750001562,0.9999997500000625,0.0,0.0,0.0,0.49999987500003124,0.0,0.0,1.0,1.0,0.0,0.0,0.0,0.0,0.0,0.0,0.0,0.0,0.0,0.0,0.0,0.0,-20.287499999999966,0.0,0.0,0.0,199.5895,0.0,1.5,1.5,0.0,0.0,0.0,8.0,0.0,2.0,0.0,1.6666666666666667,0.0,0.0,0.0,0.0,0.0,0.0,0.0,0.0,0.0,0.0,0.0,0.0,0.0,0.0,0.0,0.0,0.0,1.0,-16.666666666666668,0.0,6.4999983750004064
0.0,0.0,0.0,0.0,0.20588234688581333,0.8823529152249143,0.0,0.0,0.0,0.08823529152249143,0.0,0.4444444444444444,1.1111111111111112,1.0,0.0,0.0,0.11764705536332191,0.0,0.1,0.1,0.0,0.1,0.0,0.0,0.0,0.0,28.82408496732029,0.0,0.0,0.0,151.64555555555557,76.23,3.7777777777777777,3.4,0.0,76.23,0.0,5.676470588235294,0.0,4.0,0.0,0.7352941176470589,0.02941176384083048,0.0,0.0,0.02941176384083048,0.0,0.05882352768166096,0.0,0.0,0.0,0.0,0.0,0.0,0.0,0.0,0.0,0.0,0.0,1.1111111111111112,-10.314805323792857,0.0,5.852941004325265
0.021276595291987336,0.0,0.0,0.04255319058397467,0.1702127623358987,0.8085106210955187,0.021276595291987336,0.0,0.0,0.04255319058397467,0.021276595291987336,0.5,1.5,1.5,0.0,0.0,0.08510638116794934,0.0,0.0,0.0,0.375,0.3333333333333333,0.021276595291987336,0.0,0.0,0.0,49.67187500000003,0.0,0.0,0.0,139.212875,81.00000000000001,5.875,5.875,0.0,81.00000000000001,0.0,4.9787234042553195,0.04255319058397467,0.0,0.0,0.6382978723404256,0.021276595291987336,0.0,0.0,0.0,0.0,0.10638297645993668,0.0,0.0,0.0,0.0,0.0,0.0,0.0,0.0,0.0,0.0,0.0,1.0,-10.736699842255138,0.021276595291987336,5.19148925124491
0.0,0.0,0.032258063475546335,0.032258063475546335,0.09677419042663901,0.9032257773152975,0.032258063475546335,0.0,0.0,0.1612903173777317,0.0,1.0,2.0,1.3333333333333333,0.0,0.0,0.19354838085327802,0.0,0.25,0.3333333333333333,0.3333333333333333,0.5,0.0,0.0,0.0,0.0,19.173467741935525,0.0,0.0,0.0,144.89950000000002,89.69333333333331,15.5,10.333333333333334,0.0,89.69333333333331,0.0,6.032258064516129,0.0,18.0,0.0,0.8064516129032258,0.032258063475546335,0.0,0.0,0.0,0.0,0.06451612695109267,0.0,0.0,0.0,0.0,0.0,0.0,0.0,0.0,0.0,0.0,0.0,1.5,-11.21560767089608,0.032258063475546335,6.225806250780443
0.0,0.0,0.0,0.0,0.33333327777778704,0.9999998333333611,0.0,0.0,0.0,0.16666663888889352,0.0,0.0,1.0,1.0,0.0,0.0,0.0,0.0,0.0,0.0,0.0,0.0,0.0,0.0,0.0,0.0,19.446249999999992,0.0,0.0,0.0,197.63524999999998,0.0,1.25,1.25,0.0,0.0,0.0,5.4,0.0,1.0,0.0,1.4,0.0,0.0,0.0,0.0,0.0,0.0,0.0,0.0,0.0,0.0,0.0,0.0,0.0,0.0,0.0,0.0,0.0,1.0,-14.0,0.0,4.833332527777912
0.0,0.0,0.0,0.0,0.20588234991349486,0.7941176353806231,0.014705882136678205,0.0,0.0,0.08823529282006923,0.0,1.3333333333333333,2.3333333333333335,1.4,0.014705882136678205,0.0,0.11764705709342564,0.0,0.2857142857142857,0.4,0.2,0.5714285714285714,0.014705882136678205,0.0,0.0,0.0,25.559545454545457,0.0,0.014705882136678205,0.0,93.40600000000002,76.88000000000001,22.0,13.2,0.8,76.88000000000001,0.0,5.242424242424242,0.0,8.0,0.0,0.5303030303030303,0.044117646410034614,0.0,0.0,0.014705882136678205,0.0,0.10294117495674743,0.02941176427335641,0.0,0.3333333333333333,0.0,0.0,0.014705882136678205,0.0,0.0,0.0,0.0,0.0,1.6666666666666667,-9.46179590162548,0.0,5.205882276384084
0.0,0.0,0.0,0.0,0.1666666597222225,0.8749999635416682,0.0,0.0,0.0,0.08333332986111125,0.041666664930555625,0.3333333333333333,1.3333333333333333,1.0,0.0,0.0,0.08333332986111125,0.0,0.25,0.25,0.0,0.25,0.041666664930555625,0.0,0.0,0.0,68.28999999999999,0.0,0.0,0.0,171.648,49.37333333333333,8.0,6.0,0.0,49.37333333333333,0.0,4.166666666666667,0.0,15.0,0.0,0.3333333333333333,0.08333332986111125,0.0,0.0,0.0,0.041666664930555625,0.1666666597222225,0.0,0.0,0.0,0.041666664930555625,0.0,0.0,0.0,0.0,0.0,0.041666664930555625,0.0,1.3333333333333333,-8.601000418746478,0.0,4.249999822916674
0.0,0.0,0.0,0.016666666388888893,0.06666666555555559,0.6999999883333335,0.03333333277777779,0.0,0.0,0.03333333277777779,0.016666666388888893,0.5454545454545454,1.2727272727272727,1.1666666666666667,0.0,0.0,0.09999999833333337,0.016666666388888893,0.07142857142857142,0.08333333333333333,0.16666666666666666,0.21428571428571427,0.0,0.0,0.0,0.0,72.2260357675112,0.0,0.0,0.0,132.92336363636366,56.04208333333334,5.545454545454546,5.083333333333333,0.78,56.04208333333334,0.0,4.819672131147541,0.016666666388888893,3.0,0.0,0.6065573770491803,0.049999999166666684,0.0,0.0,0.0,0.0,0.09999999833333337,0.0,0.0,0.0,0.0,0.0,0.0,0.0,0.0,0.0,0.0,0.0,1.0909090909090908,-10.186174923255264,0.03333333277777779,5.199999913333335
0.0,0.0,0.0,0.0,0.15624999511718765,0.937499970703126,0.0,0.0,0.0,0.12499999609375013,0.0,0.0,1.5,1.5,0.0,0.0,0.06249999804687507,0.031249999023437534,0.0,0.0,0.25,0.3333333333333333,0.031249999023437534,0.0,0.0,0.0,90.32125,0.0,0.0,0.0,168.704,269.08000000000027,8.0,8.0,0.0,269.08000000000027,0.0,3.90625,0.0,5.0,0.0,0.3125,0.031249999023437534,0.0,0.0,0.0,0.031249999023437534,0.0937499970703126,0.0,0.0,0.0,0.031249999023437534,0.031249999023437534,0.0,0.0,0.0,0.0,0.031249999023437534,0.031249999023437534,1.0,-8.739620754518672,0.0,4.249999867187505
0.0,0.0,0.0,0.0,0.10344827229488716,0.9655172080856135,0.0,0.0,0.0,0.06896551486325811,0.0,0.2,1.0,1.0,0.0,0.0,0.06896551486325811,0.034482757431629055,0.0,0.0,0.0,0.0,0.0,0.0,0.0,0.0,81.34110344827589,0.0,0.0,0.0,170.937,0.0,5.8,5.8,0.0,0.0,0.0,4.137931034482759,0.0,6.0,0.0,0.5172413793103449,0.06896551486325811,0.0,0.0,0.0,0.0,0.10344827229488716,0.0,0.0,0.0,0.0,0.0,0.0,0.0,0.0,0.0,0.0,0.0,1.0,-10.404354189595933,0.0,4.413792951248519
0.0,0.0,0.0,0.041666664930555625,0.08333332986111125,0.9166666284722238,0.041666664930555625,0.0,0.0,0.041666664930555625,0.0,0.75,1.25,1.25,0.0,0.0,0.08333332986111125,0.0,0.0,0.0,0.25,0.2,0.041666664930555625,0.0,0.0,0.0,94.995,0.0,0.041666664930555625,0.0,178.82999999999998,74.05999999999996,6.0,6.0,0.0,74.05999999999996,0.0,3.9166666666666665,0.0,6.0,0.0,0.5833333333333334,0.041666664930555625,0.0,0.0,0.0,0.08333332986111125,0.041666664930555625,0.0,0.0,0.0,0.0,0.0,0.0,0.0,0.0,0.0,0.0,0.0,1.0,-11.392662767697184,0.041666664930555625,4.2916664878472295
0.0,0.0,0.0,0.0,0.1904761859410432,0.7380952205215424,0.0476190464852608,0.0,0.0,0.0952380929705216,0.0476190464852608,0.0,1.0,1.0,0.0,0.0,0.0952380929705216,0.0,0.0,0.0,0.0,0.0,0.0,0.0,0.0,0.0,68.19950904392766,0.0,0.0,0.0,152.10255555555557,74.66666666666667,4.777777777777778,4.777777777777778,0.0,74.66666666666667,0.0,4.4186046511627906,0.0,4.0,0.0,0.5116279069767442,0.0238095232426304,0.0,0.0,0.0,0.0,0.119047616213152,0.0,0.0,0.0,0.0,0.0,0.0,0.0,0.0,0.0,0.0,0.0,1.0,-9.75709965468328,0.0476190464852608,4.666666555555558
0.0,0.0,0.027027026296566857,0.0,0.1351351314828343,0.8108107888970058,0.027027026296566857,0.0,0.0,0.027027026296566857,0.0,0.14285714285714285,1.1428571428571428,1.0,0.0,0.0,0.10810810518626743,0.0,0.125,0.125,0.0,0.125,0.0,0.0,0.0,0.0,52.848378378378385,0.0,0.0,0.0,153.795,57.166666666666686,5.285714285714286,4.625,0.0,57.166666666666686,0.0,5.081081081081081,0.0,7.0,0.027027026296566857,0.4864864864864865,0.0,0.0,0.027027026296566857,0.0,0.027027026296566857,0.08108107888970058,0.027027026296566857,0.027027026296566857,0.0,0.0,0.0,0.0,0.0,0.027027026296566857,0.0,0.027027026296566857,0.0,1.1428571428571428,-10.385927384504168,0.027027026296566857,5.297297154127104
0.0,0.0,0.0,0.0,0.199999960000008,0.99999980000004,0.0,0.0,0.0,0.199999960000008,0.0,0.0,1.0,1.0,0.0,0.0,0.0,0.0,0.0,0.0,0.0,0.0,0.0,0.0,0.0,0.0,78.58166666666669,0.0,0.0,0.0,201.23066666666668,0.0,1.3333333333333333,1.3333333333333333,0.0,0.0,0.0,5.5,0.0,2.0,0.0,1.25,0.0,0.0,0.0,0.0,0.0,0.199999960000008,0.0,0.0,0.0,0.0,0.0,0.0,0.0,0.0,0.0,0.0,0.0,1.0,-14.881574851930333,0.0,4.799999040000192
0.0,0.0,0.0,0.0,0.18181817355371938,0.863636324380167,0.0,0.0,0.0,0.0,0.0,0.0,1.0,1.0,0.0,0.0,0.09090908677685969,0.045454543388429844,0.0,0.0,0.0,0.0,0.0,0.0,0.0,0.0,98.54172727272727,0.0,0.0,0.0,182.66199999999998,90.71999999999997,4.4,4.4,0.0,90.71999999999997,0.0,3.727272727272727,0.0,1.0,0.0,0.5909090909090909,0.045454543388429844,0.0,0.0,0.0,0.0,0.09090908677685969,0.0,0.0,0.0,0.0,0.0,0.0,0.0,0.0,0.0,0.0,0.0,1.0,-8.590440080807642,0.0,4.045454361570256
0.0,0.0,0.020408162848813003,0.0,0.14285713994169102,0.7755101882548942,0.020408162848813003,0.0,0.0,0.08163265139525201,0.020408162848813003,0.42857142857142855,1.4285714285714286,1.25,0.0,0.0,0.08163265139525201,0.020408162848813003,0.1,0.125,0.25,0.3,0.0,0.0,0.0,0.0,68.51367346938778,0.0,0.0,0.0,143.959,80.64000000000003,7.0,6.125,0.0,80.64000000000003,0.0,4.408163265306122,0.020408162848813003,9.0,0.0,0.4489795918367347,0.08163265139525201,0.0,0.0,0.0,0.0,0.10204081424406503,0.0,0.0,0.0,0.0,0.0,0.0,0.0,0.0,0.0,0.0,0.0,1.1428571428571428,-9.42069837043729,0.020408162848813003,4.693877455226991
0.0,0.0,0.0,0.045454543388429844,0.13636363016528952,0.9545454111570267,0.0,0.0,0.0,0.045454543388429844,0.0,1.0,1.3333333333333333,1.3333333333333333,0.0,0.0,0.0,0.0,0.0,0.0,0.3333333333333333,0.25,0.0,0.0,0.0,0.0,68.64621212121216,0.0,0.0,0.0,174.53266666666667,0.0,7.333333333333333,7.333333333333333,0.0,0.0,0.0,4.818181818181818,0.0,6.0,0.0,0.6363636363636364,0.0,0.0,0.0,0.0,0.045454543388429844,0.13636363016528952,0.0,0.0,0.0,0.0,0.0,0.0,0.0,0.0,0.0,0.0,0.0,1.0,-10.189711938980796,0.0,4.999999772727283
0.0,0.0,0.08163265139525201,0.020408162848813003,0.06122448854643901,0.8163265139525202,0.020408162848813003,0.0,0.0,0.06122448854643901,0.020408162848813003,0.6,1.2,1.0,0.0,0.0,0.08163265139525201,0.0,0.16666666666666666,0.16666666666666666,0.0,0.16666666666666666,0.040816325697626006,0.0,0.0,0.0,72.57779591836736,0.0,0.0,0.0,144.061,103.0866666666667,9.8,8.166666666666666,0.0,103.0866666666667,0.020408162848813003,4.142857142857143,0.020408162848813003,8.0,0.0,0.3469387755102041,0.020408162848813003,0.0,0.0,0.0,0.040816325697626006,0.08163265139525201,0.020408162848813003,0.020408162848813003,0.0,0.020408162848813003,0.0,0.020408162848813003,0.0,0.0,0.0,0.040816325697626006,0.020408162848813003,1.2,-9.562121312885623,0.0,4.326530523948357
0.0,0.0,0.054054052593133714,0.0,0.1351351314828343,0.8108107888970058,0.0,0.0,0.0,0.10810810518626743,0.054054052593133714,0.6,1.0,1.0,0.0,0.0,0.10810810518626743,0.027027026296566857,0.0,0.0,0.0,0.0,0.0,0.0,0.0,0.0,80.42670270270271,0.0,0.0,0.0,161.217,51.84000000000001,7.4,7.4,0.0,51.84000000000001,0.0,4.324324324324325,0.0,5.0,0.0,0.43243243243243246,0.027027026296566857,0.0,0.0,0.0,0.0,0.16216215777940116,0.0,0.0,0.0,0.0,0.0,0.0,0.0,0.0,0.0,0.0,0.0,1.0,-8.932466896279589,0.0,4.486486365230099
0.0,0.0,0.0,0.0,0.06666666222222252,0.9333332711111153,0.06666666222222252,0.0,0.0,0.0,0.0,1.0,2.0,2.0,0.0,0.0,0.13333332444444504,0.0,0.0,0.0,1.0,0.5,0.0,0.0,0.0,0.0,61.890000000000015,0.0,0.0,0.0,174.847,0.0,15.0,15.0,0.0,0.0,0.0,4.866666666666666,0.06666666222222252,15.0,0.0,0.7333333333333333,0.06666666222222252,0.0,0.0,0.0,0.0,0.13333332444444504,0.0,0.0,0.0,0.0,0.0,0.0,0.0,0.0,0.0,0.0,0.0,1.0,-9.902288861508357,0.06666666222222252,4.999999666666689
0.0,0.0,0.0,0.0,0.17647057785467188,0.8823528892733594,0.0,0.0,0.0,0.0,0.05882352595155729,1.0,1.0,1.0,0.0,0.0,0.11764705190311459,0.0,0.0,0.0,0.0,0.0,0.0,0.0,0.0,0.0,75.12117647058825,0.0,0.0,0.0,172.817,54.88000000000004,17.0,17.0,0.0,54.88000000000004,0.0,4.0588235294117645,0.05882352595155729,17.0,0.0,0.6470588235294118,0.05882352595155729,0.0,0.0,0.0,0.0,0.17647057785467188,0.0,0.0,0.0,0.05882352595155729,0.0,0.0,0.0,0.0,0.0,0.05882352595155729,0.0,1.0,-10.156988536780503,0.0,4.294117394463682
0.0,0.0,0.0,0.0,0.33333322222225925,0.9999996666667778,0.0,0.0,0.0,0.0,0.0,0.0,1.0,1.0,0.0,0.0,0.0,0.0,0.0,0.0,0.0,0.0,0.0,0.0,0.0,0.0,-174.87999999999997,0.0,0.0,0.0,199.36100000000002,0.0,1.0,1.0,0.0,0.0,0.0,12.0,0.33333322222225925,1.0,0.0,2.0,0.0,0.0,0.0,0.0,0.0,0.0,0.0,0.0,0.0,0.0,0.0,0.0,0.0,0.0,0.0,0.0,0.0,1.0,-23.056235531288003,0.0,8.66666377777874
0.0,0.0,0.0,0.02702702666179694,0.12162161997808622,0.635135126552228,0.02702702666179694,0.0,0.0,0.06756756665449234,0.01351351333089847,0.2857142857142857,1.4285714285714286,1.25,0.0,0.0,0.08108107998539081,0.0,0.1,0.125,0.25,0.3,0.0,0.0,0.0,0.0,78.35094594594597,0.0,0.0,0.0,120.46200000000002,61.5,10.571428571428571,9.25,0.68,61.5,0.01351351333089847,4.27027027027027,0.01351351333089847,8.0,0.0,0.3108108108108108,0.05405405332359388,0.0,0.0,0.0,0.02702702666179694,0.10810810664718776,0.01351351333089847,0.0,0.0,0.01351351333089847,0.0,0.01351351333089847,0.0,0.0,0.0,0.01351351333089847,0.0,1.1428571428571428,-8.372464594298634,0.01351351333089847,4.351351292549307
0.0,0.0,0.041666665798611134,0.020833332899305567,0.1874999960937501,0.7916666501736115,0.0,0.0,0.0,0.08333333159722227,0.041666665798611134,0.4,1.2,1.2,0.0,0.0,0.08333333159722227,0.0,0.0,0.0,0.2,0.16666666666666666,0.020833332899305567,0.0,0.0,0.0,77.24100000000001,0.0,0.020833332899305567,0.0,147.208,86.28666666666666,9.6,9.6,0.0,86.28666666666666,0.0,4.25,0.0,15.0,0.0,0.4166666666666667,0.041666665798611134,0.0,0.0,0.0,0.020833332899305567,0.14583333029513895,0.0,0.020833332899305567,0.0,0.020833332899305567,0.0,0.0,0.0,0.0,0.0,0.041666665798611134,0.0,1.0,-8.770577575428836,0.0,4.354166575954864
0.0,0.0,0.0,0.199999960000008,0.199999960000008,0.99999980000004,0.0,0.0,0.0,0.0,0.0,0.0,1.0,1.0,0.0,0.0,0.0,0.0,0.0,0.0,0.0,0.0,0.199999960000008,0.0,0.0,0.0,15.131666666666689,0.0,0.0,0.0,199.02266666666668,0.0,1.3333333333333333,1.3333333333333333,0.0,0.0,0.0,6.25,0.0,2.0,0.0,1.5,0.0,0.0,0.0,0.0,0.0,0.0,0.0,0.0,0.0,0.0,0.0,0.0,0.0,0.0,0.0,0.0,0.0,1.0,-15.0,0.0,5.399998920000216
0.0,0.0,0.03846153698224858,0.0,0.15384614792899431,0.8461538136094686,0.0,0.0,0.0,0.03846153698224858,0.03846153698224858,0.16666666666666666,1.0,1.0,0.0,0.0,0.15384614792899431,0.07692307396449716,0.0,0.0,0.0,0.0,0.0,0.0,0.0,0.0,72.2828205128205,0.0,0.0,0.0,173.16166666666666,47.32000000000001,4.333333333333333,4.333333333333333,0.0,47.32000000000001,0.0,4.576923076923077,0.0,0.0,0.0,0.5384615384615384,0.03846153698224858,0.0,0.0,0.03846153698224858,0.0,0.07692307396449716,0.0,0.0,0.0,0.0,0.0,0.0,0.0,0.0,0.0,0.0,0.0,1.0,-9.587566073444258,0.0,5.499999788461547
0.0,0.0,0.056603772516909956,0.0943396208615166,0.2075471658953365,0.7547169668921327,0.0,0.0,0.03773584834460664,0.01886792417230332,0.0,0.75,1.5,1.2,0.0,0.0,0.03773584834460664,0.0,0.16666666666666666,0.2,0.2,0.3333333333333333,0.01886792417230332,0.0,0.0,0.0,72.07304245283022,0.0,0.0,0.0,137.61525,58.24,13.25,10.6,0.74,58.24,0.0,4.320754716981132,0.0,4.0,0.0,0.33962264150943394,0.0943396208615166,0.0,0.0,0.0,0.03773584834460664,0.0943396208615166,0.0,0.0,0.0,0.0,0.0,0.0,0.0,0.0,0.0,0.0,0.0,1.25,-8.932868171192158,0.0,4.43396218049128
0.0,0.0,0.035714284438775556,0.0,0.10714285331632667,0.9285713954081645,0.035714284438775556,0.0,0.0,0.07142856887755111,0.0,0.5,1.0,1.0,0.0,0.0,0.14285713775510223,0.0,0.0,0.0,0.0,0.0,0.0,0.0,0.0,0.0,45.63714285714289,0.0,0.0,0.0,162.359,109.76000000000008,7.0,7.0,0.0,109.76000000000008,0.0,5.5,0.035714284438775556,2.0,0.0,0.7857142857142857,0.035714284438775556,0.0,0.0,0.0,0.0,0.035714284438775556,0.0,0.0,0.0,0.0,0.0,0.0,0.0,0.0,0.0,0.0,0.0,1.0,-10.85381535641785,0.035714284438775556,5.714285510204089
0.0,0.0,0.0,0.0,0.24999993750001562,0.9999997500000625,0.0,0.0,0.0,0.0,0.0,0.0,1.0,1.0,0.0,0.0,0.0,0.0,0.0,0.0,0.0,0.0,0.0,0.0,0.0,0.0,93.02000000000004,0.0,0.0,0.0,203.04100000000003,0.0,1.0,1.0,0.0,0.0,0.0,3.6666666666666665,0.0,2.0,0.0,1.6666666666666667,0.0,0.0,0.0,0.0,0.0,0.24999993750001562,0.0,0.0,0.0,0.0,0.0,0.0,0.0,0.0,0.0,0.0,0.0,1.0,-16.666666666666668,0.0,3.2499991875002032
0.0,0.0,0.0,0.0,0.14285713605442207,0.8571428163265326,0.0,0.0,0.0,0.09523809070294806,0.04761904535147403,0.0,1.0,1.0,0.0,0.0,0.28571427210884415,0.0,0.0,0.0,0.0,0.0,0.0,0.0,0.0,0.0,52.57714285714289,0.0,0.04761904535147403,0.0,161.397,111.99999999999991,21.0,21.0,0.0,111.99999999999991,0.0,4.380952380952381,0.0,21.0,0.0,0.38095238095238093,0.09523809070294806,0.0,0.0,0.0,0.04761904535147403,0.04761904535147403,0.0,0.04761904535147403,0.0,0.0,0.0,0.0,0.0,0.04761904535147403,0.0,0.0,0.0,1.0,-8.884499784447314,0.0,4.428571217687085
0.0,0.0,0.037037035665294975,0.0,0.1481481426611799,0.8148147846364894,0.0,0.0,0.0,0.07407407133058995,0.037037035665294975,0.0,1.3333333333333333,1.3333333333333333,0.0,0.0,0.07407407133058995,0.0,0.0,0.0,0.3333333333333333,0.25,0.037037035665294975,0.0,0.0,0.0,75.50000000000003,0.0,0.0,0.0,169.161,37.85600000000001,9.0,9.0,0.0,37.85600000000001,0.0,4.0,0.0,12.0,0.0,0.25925925925925924,0.07407407133058995,0.0,0.0,0.0,0.07407407133058995,0.18518517832647488,0.037037035665294975,0.0,0.0,0.037037035665294975,0.0,0.0,0.0,0.0,0.0,0.037037035665294975,0.0,1.0,-8.252546297134375,0.0,4.074073923182447
0.0,0.0,0.0,0.016666666388888893,0.06666666555555559,0.6999999883333335,0.03333333277777779,0.0,0.0,0.03333333277777779,0.016666666388888893,0.6,1.3,1.1818181818181819,0.0,0.0,0.09999999833333337,0.016666666388888893,0.07692307692307693,0.09090909090909091,0.18181818181818182,0.23076923076923078,0.0,0.0,0.0,0.0,73.05005737704921,0.0,0.0,0.0,133.0965,56.04208333333334,6.1,5.545454545454546,0.78,56.04208333333334,0.0,4.770491803278689,0.016666666388888893,1.0,0.0,0.5901639344262295,0.049999999166666684,0.0,0.0,0.0,0.0,0.09999999833333337,0.0,0.0,0.0,0.0,0.0,0.0,0.0,0.0,0.0,0.0,0.0,1.1,-10.101441459730061,0.03333333277777779,5.149999914166668
0.0,0.0,0.0,0.0,0.1707317031528853,0.8780487590719815,0.0,0.0,0.0,0.14634145984533026,0.0,0.75,1.0,1.0,0.0,0.0,0.048780486615110086,0.024390243307555043,0.0,0.0,0.0,0.0,0.024390243307555043,0.0,0.0,0.0,68.49954268292684,0.0,0.0,0.0,150.96425,112.00000000000003,10.25,10.25,0.0,112.00000000000003,0.0,4.365853658536586,0.0,5.0,0.0,0.36585365853658536,0.024390243307555043,0.0,0.0,0.0,0.024390243307555043,0.12195121653777521,0.0,0.0,0.0,0.024390243307555043,0.024390243307555043,0.0,0.0,0.0,0.0,0.024390243307555043,0.024390243307555043,1.0,-9.141501800078803,0.0,4.707316958358123
0.0,0.0,0.0,0.0,0.14285713605442207,0.9047618616780065,0.0,0.0,0.0,0.04761904535147403,0.04761904535147403,0.25,1.25,1.25,0.0,0.0,0.19047618140589612,0.0,0.0,0.0,0.25,0.2,0.04761904535147403,0.0,0.0,0.0,96.01000000000002,0.0,0.04761904535147403,0.0,183.525,90.71999999999997,5.0,5.0,0.0,90.71999999999997,0.0,4.15,0.0,19.0,0.0,0.5,0.0,0.0,0.0,0.0,0.0,0.09523809070294806,0.0,0.0,0.0,0.0,0.0,0.0,0.0,0.0,0.0,0.0,0.0,1.0,-9.22685972491993,0.0,4.095237900226766
0.0,0.0,0.0,0.0,0.0,0.9999999090909174,0.0,0.0,0.0,0.09090908264462885,0.0,1.0,1.0,1.0,0.0,0.0,0.0,0.0,0.0,0.0,0.0,0.0,0.09090908264462885,0.0,0.0,0.0,57.23363636363638,0.0,0.0,0.0,182.58700000000002,0.0,11.0,11.0,0.0,0.0,0.0,5.0,0.0,5.0,0.0,0.9090909090909091,0.0,0.0,0.0,0.0,0.09090908264462885,0.0,0.0,0.0,0.0,0.0,0.0,0.0,0.0,0.0,0.0,0.0,0.0,1.0,-12.095412204916887,0.0,5.363635876033102
0.0,0.0,0.0,0.0,0.09090908264462885,0.9090908264462886,0.0,0.0,0.0,0.09090908264462885,0.0,0.0,2.0,1.0,0.0,0.0,0.0,0.0,0.5,0.5,0.0,0.5,0.0,0.0,0.0,0.0,80.30636363636367,0.0,0.0,0.0,184.79500000000002,0.0,11.0,5.5,0.0,0.0,0.0,3.6363636363636362,0.0,11.0,0.0,0.36363636363636365,0.0,0.0,0.0,0.0,0.09090908264462885,0.09090908264462885,0.09090908264462885,0.0,0.0,0.0,0.0,0.0,0.0,0.0,0.0,0.0,0.0,2.0,-8.930751395089276,0.0,3.727272388429783
0.0,0.0,0.0,0.0,0.16279069388858852,0.7209302157923206,0.06976744023796651,0.0,0.0,0.16279069388858852,0.04651162682531101,0.0,1.0,1.0,0.0,0.0,0.09302325365062201,0.0,0.0,0.0,0.0,0.0,0.0,0.0,0.0,0.0,69.70954545454549,0.0,0.0,0.0,150.572,63.999999999999986,6.285714285714286,6.285714285714286,0.0,63.999999999999986,0.0,4.318181818181818,0.023255813412655504,3.0,0.0,0.36363636363636365,0.04651162682531101,0.0,0.0,0.0,0.0,0.09302325365062201,0.0,0.0,0.0,0.0,0.0,0.0,0.0,0.0,0.0,0.0,0.0,1.0,-9.350821101258036,0.06976744023796651,4.558139428880478
0.0,0.0,0.021276595291987336,0.0,0.14893616704391135,0.7872340258035314,0.0,0.0,0.0,0.06382978587596201,0.0,0.1,1.2,1.0909090909090908,0.0,0.0,0.04255319058397467,0.0,0.08333333333333333,0.09090909090909091,0.09090909090909091,0.16666666666666666,0.0,0.0,0.0,0.0,61.66450000000003,0.0,0.021276595291987336,0.0,144.82150000000001,63.00000000000002,4.7,4.2727272727272725,0.0,63.00000000000002,0.0,5.0,0.021276595291987336,7.0,0.0,0.44680851063829785,0.0,0.0,0.021276595291987336,0.0,0.021276595291987336,0.12765957175192402,0.0,0.0,0.0,0.0,0.0,0.0,0.0,0.021276595291987336,0.0,0.021276595291987336,0.0,1.1,-9.70775416784128,0.0,5.19148925124491
0.0,0.0,0.0,0.0,0.16666663888889352,0.9999998333333611,0.0,0.0,0.0,0.0,0.0,0.5,1.0,1.0,0.0,0.0,0.0,0.0,0.0,0.0,0.0,0.0,0.0,0.0,0.0,0.0,68.93750000000003,0.0,0.0,0.0,198.5745,0.0,2.5,2.5,0.0,0.0,0.0,5.2,0.0,3.0,0.0,1.6,0.0,0.0,0.0,0.0,0.0,0.0,0.0,0.0,0.0,0.0,0.0,0.0,0.0,0.0,0.0,0.0,0.0,1.0,-16.0,0.0,4.833332527777912
0.0,0.0,0.0,0.0,0.23529410380622917,0.8823528892733594,0.0,0.0,0.0,0.0,0.0,0.0,1.0,1.0,0.0,0.0,0.11764705190311459,0.05882352595155729,0.0,0.0,0.0,0.0,0.0,0.0,0.0,0.0,121.45980392156865,0.0,0.0,0.0,189.47233333333332,0.0,5.666666666666667,5.666666666666667,0.0,0.0,0.0,3.1176470588235294,0.0,1.0,0.0,0.47058823529411764,0.05882352595155729,0.0,0.0,0.0,0.0,0.11764705190311459,0.0,0.0,0.0,0.0,0.0,0.0,0.0,0.0,0.0,0.0,0.0,1.0,-8.246736957833951,0.0,3.5294115570934377
0.0,0.0,0.03571428507653063,0.0,0.1428571403061225,0.7678571291454085,0.017857142538265314,0.0,0.0,0.07142857015306125,0.03571428507653063,0.3333333333333333,1.2222222222222223,1.1,0.0,0.0,0.10714285522959188,0.017857142538265314,0.09090909090909091,0.1,0.1,0.18181818181818182,0.0,0.0,0.0,0.0,73.61944444444445,0.0,0.0,0.0,138.86044444444445,70.58333333333336,6.222222222222222,5.6,0.76,70.58333333333336,0.0,4.410714285714286,0.017857142538265314,2.0,0.0,0.4642857142857143,0.08928571269132657,0.0,0.0,0.0,0.0,0.08928571269132657,0.0,0.0,0.0,0.0,0.0,0.0,0.0,0.0,0.0,0.0,0.0,1.1111111111111112,-9.823015848791448,0.017857142538265314,4.696428487563777
0.0,0.0,0.06666666222222252,0.0,0.13333332444444504,0.9333332711111153,0.0,0.0,0.0,0.06666666222222252,0.0,0.0,1.0,1.0,0.0,0.0,0.0,0.0,0.0,0.0,0.0,0.0,0.0,0.0,0.0,0.0,44.97000000000003,0.0,0.0,0.0,172.639,63.00000000000002,15.0,15.0,0.0,63.00000000000002,0.0,5.266666666666667,0.0,15.0,0.0,0.4,0.0,0.0,0.0,0.0,0.13333332444444504,0.06666666222222252,0.0,0.0,0.0,0.0,0.0,0.0,0.0,0.0,0.0,0.0,0.0,1.0,-8.776796087524522,0.0,5.333332977777801
0.0,0.0,0.07999999840000004,0.01999999960000001,0.05999999880000002,0.7799999844000004,0.01999999960000001,0.0,0.0,0.03999999920000002,0.03999999920000002,0.5,1.25,1.25,0.0,0.0,0.11999999760000006,0.0,0.0,0.0,0.25,0.2,0.03999999920000002,0.0,0.0,0.0,67.24750000000002,0.0,0.0,0.0,139.1125,92.16,12.5,12.5,0.0,92.16,0.01999999960000001,4.18,0.01999999960000001,8.0,0.0,0.34,0.03999999920000002,0.0,0.0,0.0,0.03999999920000002,0.07999999840000004,0.01999999960000001,0.01999999960000001,0.0,0.01999999960000001,0.0,0.01999999960000001,0.0,0.0,0.0,0.03999999920000002,0.01999999960000001,1.0,-9.534669311662316,0.0,4.339999913200002
0.0,0.0,0.02941176384083048,0.0,0.1470588192041524,0.8529411513840839,0.0,0.0,0.0,0.05882352768166095,0.05882352768166096,0.0,1.0,1.0,0.0,0.0,0.11764705536332191,0.02941176384083048,0.0,0.0,0.0,0.0,0.0,0.0,0.0,0.0,82.98594117647062,0.0,0.0,0.0,165.50600000000003,43.56,6.8,6.8,0.0,43.56,0.0,4.470588235294118,0.0,7.0,0.0,0.4117647058823529,0.05882352768166096,0.0,0.0,0.0,0.0,0.17647058304498286,0.0,0.0,0.0,0.0,0.0,0.0,0.0,0.0,0.0,0.0,0.0,1.0,-8.65576615938448,0.0,4.735293978373707
0.0,0.0,0.0,0.0,0.07692307100591762,0.9230768520710114,0.07692307100591762,0.0,0.0,0.0,0.0,1.0,1.0,1.0,0.0,0.0,0.0,0.0,0.0,0.0,0.0,0.0,0.0,0.0,0.0,0.0,56.97846153846157,0.0,0.0,0.0,178.34900000000002,0.0,13.0,13.0,0.0,0.0,0.0,5.3076923076923075,0.07692307100591762,13.0,0.0,0.8461538461538461,0.07692307100591762,0.0,0.0,0.0,0.0,0.07692307100591762,0.07692307100591762,0.0,0.0,0.0,0.0,0.0,0.0,0.0,0.0,0.0,0.0,1.0,-10.29407966171212,0.07692307100591762,5.461538041420151
0.0,0.0,0.0,0.0,0.17647057785467188,0.8823528892733594,0.0,0.0,0.0,0.0,0.05882352595155729,1.0,1.0,1.0,0.0,0.0,0.11764705190311459,0.0,0.0,0.0,0.0,0.0,0.0,0.0,0.0,0.0,75.12117647058825,0.0,0.0,0.0,172.817,54.88000000000004,17.0,17.0,0.0,54.88000000000004,0.0,4.0588235294117645,0.05882352595155729,17.0,0.0,0.6470588235294118,0.05882352595155729,0.0,0.0,0.0,0.0,0.17647057785467188,0.0,0.0,0.0,0.05882352595155729,0.0,0.0,0.0,0.0,0.0,0.05882352595155729,0.0,1.0,-10.156988536780503,0.0,4.294117394463682
0.0,0.0,0.0,0.0,0.0,0.9999998750000157,0.0,0.0,0.0,0.24999996875000394,0.0,0.0,1.0,1.0,0.0,0.0,0.0,0.0,0.0,0.0,0.0,0.0,0.0,0.0,0.0,0.0,95.6952380952381,0.0,0.0,0.0,198.00766666666667,0.0,2.3333333333333335,2.3333333333333335,0.0,0.0,0.0,4.857142857142857,0.12499998437500197,4.0,0.0,1.1428571428571428,0.0,0.0,0.0,0.0,0.12499998437500197,0.0,0.0,0.0,0.0,0.0,0.0,0.0,0.0,0.0,0.0,0.0,0.0,1.0,-13.264305530669025,0.0,4.499999437500071
0.0,0.0,0.0,0.016949152255099114,0.10169491353059469,0.7457626992243611,0.016949152255099114,0.0,0.0,0.1355932180407929,0.0,0.16666666666666666,1.5,1.0,0.0,0.0,0.03389830451019823,0.0,0.3333333333333333,0.3333333333333333,0.0,0.3333333333333333,0.016949152255099114,0.0,0.0,0.0,80.7084039548023,0.0,0.016949152255099114,0.0,137.40316666666666,72.45538461538462,9.833333333333334,6.555555555555555,0.76,72.45538461538462,0.0,4.135593220338983,0.016949152255099114,7.0,0.0,0.288135593220339,0.050847456765297346,0.0,0.0,0.016949152255099114,0.016949152255099114,0.08474576127549557,0.016949152255099114,0.0,0.0,0.0,0.0,0.016949152255099114,0.0,0.0,0.0,0.0,0.0,1.5,-8.267581359956086,0.0,4.203389759264581
0.0,0.0,0.022727272210743815,0.022727272210743815,0.18181817768595052,0.7499999829545458,0.0,0.0,0.0,0.09090908884297526,0.04545454442148763,0.2,1.2,1.2,0.0,0.0,0.13636363326446288,0.0,0.0,0.0,0.2,0.16666666666666666,0.022727272210743815,0.0,0.0,0.0,82.53936363636367,0.0,0.0,0.0,153.90800000000002,70.98,8.8,8.8,0.0,70.98,0.0,4.204545454545454,0.0,15.0,0.0,0.4318181818181818,0.04545454442148763,0.0,0.0,0.0,0.022727272210743815,0.1590909054752067,0.0,0.0,0.0,0.022727272210743815,0.0,0.0,0.0,0.0,0.0,0.022727272210743815,0.0,1.0,-8.778150010646453,0.0,4.295454447830581
0.0,0.0,0.041666664930555625,0.0,0.12499999479166687,0.8333332986111125,0.0,0.0,0.0,0.12499999479166687,0.041666664930555625,0.0,1.1428571428571428,1.1428571428571428,0.0,0.0,0.1666666597222225,0.041666664930555625,0.0,0.0,0.14285714285714285,0.125,0.0,0.0,0.0,0.0,62.35500000000002,0.0,0.0,0.0,174.08,53.760000000000005,3.4285714285714284,3.4285714285714284,0.0,53.760000000000005,0.0,4.75,0.0,16.0,0.0,0.4583333333333333,0.0,0.0,0.0,0.041666664930555625,0.0,0.041666664930555625,0.0,0.0,0.0,0.0,0.0,0.0,0.0,0.0,0.0,0.0,0.0,1.0,-8.948284677193117,0.0,5.291666446180565
0.0,0.0,0.01886792417230332,0.056603772516909956,0.2830188625845498,0.7547169668921327,0.0,0.0,0.01886792417230332,0.03773584834460664,0.0,0.1,1.0,1.0,0.0,0.0,0.0,0.0,0.0,0.0,0.0,0.0,0.03773584834460664,0.0,0.0,0.0,73.75738679245283,0.0,0.01886792417230332,0.0,142.7405,60.68999999999999,5.3,5.3,0.74,60.68999999999999,0.01886792417230332,4.622641509433962,0.01886792417230332,13.0,0.0,0.33962264150943394,0.056603772516909956,0.0,0.0,0.01886792417230332,0.0,0.03773584834460664,0.01886792417230332,0.0,0.0,0.01886792417230332,0.0,0.0,0.0,0.0,0.0,0.01886792417230332,0.0,1.0,-9.232648758933994,0.01886792417230332,4.71698104307583
0.0,0.0,0.0,0.1428571224489825,0.0,0.9999998571428775,0.0,0.0,0.0,0.0,0.1428571224489825,0.0,1.0,1.0,0.0,0.0,0.285714244897965,0.0,0.0,0.0,0.0,0.0,0.0,0.0,0.0,0.0,59.745000000000005,0.0,0.0,0.0,193.55,0.0,6.0,6.0,0.0,0.0,0.0,5.666666666666667,0.0,6.0,0.0,1.3333333333333333,0.0,0.0,0.1428571224489825,0.0,0.1428571224489825,0.1428571224489825,0.0,0.0,0.0,0.0,0.0,0.0,0.0,0.0,0.0,0.0,0.0,1.0,-13.589626680678771,0.0,5.14285640816337
0.0,0.0,0.035714284438775556,0.0,0.10714285331632667,0.8214285420918378,0.0,0.0,0.0,0.07142856887755111,0.035714284438775556,0.0,1.0,1.0,0.0,0.0,0.07142856887755111,0.0,0.0,0.0,0.0,0.0,0.035714284438775556,0.0,0.0,0.0,82.54738095238096,0.0,0.0,0.0,169.55866666666668,37.85600000000001,9.333333333333334,9.333333333333334,0.0,37.85600000000001,0.0,3.892857142857143,0.0,12.0,0.0,0.2857142857142857,0.07142856887755111,0.0,0.0,0.0,0.07142856887755111,0.17857142219387778,0.035714284438775556,0.0,0.0,0.035714284438775556,0.0,0.0,0.0,0.0,0.0,0.035714284438775556,0.0,1.0,-8.258248092332073,0.0,3.9642855727040867
0.0,0.0,0.0,0.017543859341335802,0.08771929670667901,0.6842105143120962,0.035087718682671604,0.0,0.0,0.035087718682671604,0.017543859341335802,0.5454545454545454,1.2727272727272727,1.1666666666666667,0.0,0.0,0.14035087473068641,0.017543859341335802,0.07142857142857142,0.08333333333333333,0.16666666666666666,0.21428571428571427,0.0,0.0,0.0,0.0,72.340061633282,0.0,0.0,0.0,135.3159090909091,49.545942720763726,5.363636363636363,4.916666666666667,0.8,49.545942720763726,0.0,4.694915254237288,0.017543859341335802,2.0,0.0,0.5254237288135594,0.052631578024007405,0.0,0.0,0.0,0.0,0.08771929670667901,0.0,0.0,0.0,0.0,0.0,0.0,0.0,0.0,0.0,0.0,0.0,1.0909090909090908,-10.01112541729676,0.035087718682671604,5.1754385056940615
0.0,0.0,0.020833332899305567,0.0,0.16666666319444454,0.8541666488715282,0.0,0.0,0.0,0.1249999973958334,0.0,0.25,1.375,1.375,0.0,0.0,0.041666665798611134,0.020833332899305567,0.0,0.0,0.25,0.2727272727272727,0.020833332899305567,0.0,0.0,0.0,75.6075,0.0,0.0,0.0,148.654,94.50000000000003,6.0,6.0,0.0,94.50000000000003,0.0,4.208333333333333,0.0,1.0,0.0,0.3541666666666667,0.041666665798611134,0.0,0.0,0.0,0.020833332899305567,0.1249999973958334,0.0,0.0,0.0,0.020833332899305567,0.041666665798611134,0.0,0.0,0.0,0.0,0.020833332899305567,0.020833332899305567,1.0,-9.064593384867873,0.0,4.499999906250002
0.0,0.0,0.0,0.0,0.2727272479338866,0.9999999090909174,0.0,0.0,0.0,0.09090908264462885,0.09090908264462885,0.0,1.3333333333333333,1.0,0.0,0.0,0.1818181652892577,0.0,0.25,0.25,0.0,0.25,0.0,0.0,0.0,0.0,68.0916666666667,0.0,0.0,0.0,191.84066666666666,0.0,3.3333333333333335,2.5,0.0,0.0,0.0,4.9,0.0,0.0,0.0,0.3,0.0,0.0,0.0,0.0,0.0,0.1818181652892577,0.0,0.0,0.0,0.0,0.0,0.0,0.0,0.0,0.0,0.0,0.0,1.3333333333333333,-9.336046083368911,0.0,4.636363214876072
0.0,0.0,0.0,0.0,0.16666665277777892,0.9166665902777842,0.0,0.0,0.0,0.08333332638888948,0.0,0.2,1.0,1.0,0.0,0.0,0.16666665277777895,0.08333332638888948,0.0,0.0,0.0,0.0,0.0,0.0,0.0,0.0,98.649,0.0,0.08333332638888948,0.0,193.524,0.0,2.4,2.4,0.0,0.0,0.0,3.4166666666666665,0.08333332638888948,1.0,0.0,0.4166666666666667,0.0,0.0,0.0,0.0,0.0,0.08333332638888948,0.0,0.0,0.0,0.0,0.0,0.0,0.0,0.0,0.0,0.0,0.0,1.0,-10.707023713502949,0.0,4.083332993055584
0.0,0.0,0.04347825897920613,0.0,0.1304347769376184,0.9565216975425348,0.0,0.0,0.0,0.08695651795841226,0.04347825897920613,0.25,1.0,1.0,0.0,0.0,0.08695651795841226,0.0,0.0,0.0,0.0,0.0,0.04347825897920613,0.0,0.0,0.0,86.97266304347826,0.0,0.04347825897920613,0.0,178.34775,148.12000000000012,5.75,5.75,0.0,148.12000000000012,0.0,4.434782608695652,0.0,7.0,0.0,0.4782608695652174,0.0,0.0,0.0,0.0,0.04347825897920613,0.08695651795841226,0.0,0.0,0.0,0.0,0.0,0.0,0.0,0.0,0.0,0.0,0.0,1.0,-10.092216719838245,0.0,4.695651969754262
0.0,0.0,0.07692307100591762,0.0,0.07692307100591762,0.9230768520710114,0.0,0.0,0.0,0.07692307100591762,0.0,0.5,1.5,1.0,0.0,0.0,0.0,0.0,0.3333333333333333,0.3333333333333333,0.0,0.3333333333333333,0.0,0.0,0.0,0.0,96.11442307692309,0.0,0.0,0.0,188.6265,0.0,6.5,4.333333333333333,0.0,0.0,0.0,3.3076923076923075,0.0,6.0,0.0,0.3076923076923077,0.0,0.0,0.0,0.0,0.07692307100591762,0.07692307100591762,0.0,0.0,0.0,0.0,0.0,0.0,0.0,0.0,0.0,0.0,0.0,1.5,-9.558702975719381,0.0,3.461538195266293
0.0,0.0,0.0,0.0,0.14285713265306196,0.9999999285714337,0.07142856632653098,0.0,0.0,0.21428569897959293,0.07142856632653098,0.0,1.0,1.0,0.0,0.0,0.14285713265306196,0.0,0.0,0.0,0.0,0.0,0.0,0.0,0.0,0.0,77.81071428571428,0.0,0.0,0.0,178.80599999999998,0.0,14.0,14.0,0.0,0.0,0.0,3.7857142857142856,0.0,14.0,0.0,0.2857142857142857,0.0,0.0,0.0,0.0,0.07142856632653098,0.21428569897959293,0.0,0.0,0.0,0.0,0.0,0.0,0.0,0.0,0.0,0.0,0.0,1.0,-8.042874725374654,0.07142856632653098,3.8571425816326728
0.0,0.0,0.0,0.0,0.21052630470914185,0.7894736426592819,0.10526315235457093,0.0,0.0,0.15789472853185638,0.0,0.0,1.25,1.25,0.0,0.0,0.0,0.0,0.0,0.0,0.25,0.2,0.0,0.0,0.0,0.0,90.69796052631581,0.0,0.0,0.0,183.77875,40.459999999999994,4.75,4.75,0.0,40.459999999999994,0.0,4.157894736842105,0.0,4.0,0.0,0.631578947368421,0.10526315235457093,0.0,0.0,0.0,0.0,0.0,0.0,0.0,0.0,0.0,0.0,0.0,0.0,0.0,0.0,0.0,0.0,1.0,-9.899316428016473,0.10526315235457093,4.315789246537408
0.0,0.0,0.0,0.0,0.0,0.9999998333333611,0.0,0.0,0.0,0.0,0.0,0.0,1.0,1.0,0.0,0.0,0.0,0.0,0.0,0.0,0.0,0.0,0.0,0.0,0.0,0.0,68.93750000000003,0.0,0.0,0.16666663888889352,198.5745,0.0,2.5,2.5,0.0,0.0,0.0,4.8,0.16666663888889352,1.0,0.0,0.8,0.0,0.0,0.0,0.16666663888889352,0.0,0.0,0.0,0.0,0.0,0.0,0.0,0.0,0.0,0.0,0.0,0.0,0.0,1.0,-11.7254839774893,0.0,4.333332611111231
0.0,0.0,0.05882352768166096,0.02941176384083048,0.17647058304498286,0.9705882067474058,0.0,0.0,0.0,0.05882352768166096,0.0,0.2857142857142857,1.2857142857142858,1.125,0.0,0.0,0.05882352768166096,0.0,0.1111111111111111,0.125,0.125,0.2222222222222222,0.0,0.0,0.0,0.0,62.56382352941179,0.0,0.0,0.0,160.85399999999998,134.5399999999999,4.857142857142857,4.25,0.0,134.5399999999999,0.0,4.529411764705882,0.0,1.0,0.0,0.3235294117647059,0.0,0.0,0.02941176384083048,0.02941176384083048,0.0,0.05882352768166096,0.02941176384083048,0.0,0.0,0.0,0.0,0.0,0.0,0.0,0.0,0.0,0.0,1.1428571428571428,-10.186078169160222,0.0,4.735293978373707
0.0,0.0,0.09090908264462885,0.0,0.1818181652892577,0.9090908264462886,0.0,0.0,0.0,0.09090908264462885,0.09090908264462885,0.0,1.0,1.0,0.0,0.0,0.1818181652892577,0.0,0.0,0.0,0.0,0.0,0.0,0.0,0.0,0.0,87.749696969697,0.0,0.0,0.0,192.23833333333334,28.000000000000007,3.6666666666666665,3.6666666666666665,0.0,28.000000000000007,0.0,4.181818181818182,0.0,2.0,0.0,0.09090909090909091,0.0,0.0,0.0,0.0,0.1818181652892577,0.1818181652892577,0.0,0.0,0.0,0.0,0.0,0.0,0.0,0.0,0.0,0.0,0.0,1.0,-8.534263093511534,0.0,4.2727268842975565
0.0,0.0,0.0,0.0,0.17647057785467188,0.8823528892733594,0.0,0.0,0.0,0.0,0.05882352595155729,0.0,1.3333333333333333,1.3333333333333333,0.0,0.0,0.11764705190311459,0.05882352595155729,0.0,0.0,0.3333333333333333,0.25,0.0,0.0,0.0,0.0,111.50686274509805,0.0,0.05882352595155729,0.0,188.00033333333334,0.0,5.666666666666667,5.666666666666667,0.0,0.0,0.0,3.2941176470588234,0.0,2.0,0.0,0.5882352941176471,0.11764705190311459,0.0,0.0,0.0,0.0,0.11764705190311459,0.0,0.0,0.0,0.0,0.0,0.0,0.0,0.0,0.0,0.0,0.0,1.0,-9.762137102478398,0.0,3.7647056608996667
0.0,0.0,0.028571427755102068,0.0,0.1714285665306124,0.885714260408164,0.0,0.0,0.0,0.057142855510204135,0.0,0.4,1.2,1.2,0.0,0.0,0.0,0.0,0.0,0.0,0.2,0.16666666666666666,0.0,0.0,0.0,0.0,71.6214285714286,0.0,0.0,0.0,160.887,80.91999999999999,7.0,7.0,0.0,80.91999999999999,0.0,4.457142857142857,0.0,7.0,0.0,0.4857142857142857,0.14285713877551032,0.0,0.0,0.0,0.0,0.1714285665306124,0.0,0.0,0.0,0.0,0.0,0.0,0.0,0.028571427755102068,0.0,0.028571427755102068,0.0,1.0,-10.840347223346821,0.0,4.657142724081637
0.0,0.0,0.0,0.0,0.199999960000008,0.99999980000004,0.0,0.0,0.0,0.0,0.199999960000008,0.0,1.0,1.0,0.0,0.0,0.399999920000016,0.0,0.0,0.0,0.0,0.0,0.0,0.0,0.0,0.0,57.4316666666667,0.0,0.0,0.0,200.4946666666667,0.0,1.3333333333333333,1.3333333333333333,0.0,0.0,0.0,4.75,0.0,1.0,0.0,1.25,0.0,0.0,0.0,0.0,0.0,0.0,0.0,0.0,0.0,0.0,0.0,0.0,0.0,0.0,0.0,0.0,0.0,1.0,-14.802432081354354,0.0,4.199999160000168
0.0,0.0,0.041666664930555625,0.08333332986111125,0.08333332986111125,0.8333332986111125,0.0,0.0,0.0,0.0,0.0,0.3333333333333333,1.3333333333333333,1.0,0.0,0.0,0.08333332986111125,0.0,0.25,0.25,0.0,0.25,0.041666664930555625,0.0,0.0,0.0,71.81500000000001,0.0,0.0,0.0,172.384,37.03,8.0,6.0,0.0,37.03,0.08333332986111125,4.0,0.0,9.0,0.0,0.25,0.041666664930555625,0.0,0.0,0.0,0.041666664930555625,0.041666664930555625,0.0,0.041666664930555625,0.0,0.0,0.0,0.0,0.0,0.041666664930555625,0.0,0.041666664930555625,0.041666664930555625,1.3333333333333333,-9.388568588036335,0.0,4.166666493055563
0.0,0.0,0.07499999812500005,0.0,0.1499999962500001,0.7749999806250005,0.0,0.0,0.0,0.09999999750000006,0.04999999875000003,0.0,1.0,1.0,0.0,0.0,0.09999999750000006,0.0,0.0,0.0,0.0,0.0,0.0,0.0,0.0,0.0,84.71000000000001,0.0,0.0,0.0,160.72,42.58800000000001,5.714285714285714,5.714285714285714,0.0,42.58800000000001,0.0,4.275,0.0,0.0,0.0,0.375,0.07499999812500005,0.0,0.0,0.0,0.0,0.1499999962500001,0.0,0.0,0.0,0.0,0.0,0.0,0.0,0.0,0.0,0.0,0.0,1.0,-8.173788787361108,0.0,4.349999891250003
0.0,0.0,0.07142856632653098,0.0,0.07142856632653098,0.9999999285714337,0.0,0.0,0.0,0.07142856632653098,0.07142856632653098,0.0,1.0,1.0,0.0,0.0,0.14285713265306196,0.0,0.0,0.0,0.0,0.0,0.0,0.0,0.0,0.0,81.24119047619048,0.0,0.0,0.0,187.54333333333332,0.0,4.666666666666667,4.666666666666667,0.0,0.0,0.0,4.714285714285714,0.0,5.0,0.0,0.5,0.07142856632653098,0.0,0.0,0.07142856632653098,0.0,0.07142856632653098,0.0,0.0,0.0,0.0,0.0,0.0,0.0,0.0,0.0,0.0,0.0,1.0,-9.920537581920685,0.0,4.857142510204107
0.0,0.0,0.024390243307555043,0.024390243307555043,0.14634145984533026,0.6585365693039862,0.0,0.0,0.024390243307555043,0.07317072992266513,0.07317072992266513,0.0,1.5714285714285714,1.375,0.0,0.0,0.19512194646044034,0.024390243307555043,0.09090909090909091,0.125,0.25,0.36363636363636365,0.024390243307555043,0.0,0.0,0.0,99.7826829268293,0.0,0.024390243307555043,0.0,164.991,46.239999999999995,5.857142857142857,5.125,0.0,46.239999999999995,0.0,3.6341463414634148,0.0,12.0,0.0,0.34146341463414637,0.048780486615110086,0.0,0.0,0.0,0.0,0.12195121653777521,0.0,0.0,0.0,0.024390243307555043,0.0,0.0,0.0,0.0,0.0,0.024390243307555043,0.0,1.1428571428571428,-8.84851228381903,0.0,3.878048685901252
0.0,0.0,0.0,0.199999960000008,0.0,0.99999980000004,0.0,0.0,0.0,0.199999960000008,0.0,0.0,1.0,1.0,0.0,0.0,0.399999920000016,0.0,0.0,0.0,0.0,0.0,0.0,0.0,0.0,0.0,75.87500000000001,0.199999960000008,0.0,0.0,198.524,0.0,4.0,4.0,0.0,0.0,0.0,5.0,0.0,4.0,0.0,1.5,0.0,0.0,0.0,0.0,0.0,0.0,0.0,0.0,0.0,0.0,0.0,0.0,0.0,0.0,0.0,0.0,0.0,1.0,-15.0,0.0,4.399999120000176
0.0,0.0,0.06666666444444451,0.0,0.16666666111111128,0.7999999733333342,0.0,0.0,0.0,0.09999999666666677,0.06666666444444451,0.0,1.1666666666666667,1.1666666666666667,0.0,0.0,0.19999999333333354,0.0,0.0,0.0,0.16666666666666666,0.14285714285714285,0.0,0.0,0.0,0.0,72.04000000000002,0.0,0.0,0.0,168.06900000000002,51.03,5.0,5.0,0.0,51.03,0.0,4.3,0.0,2.0,0.0,0.3333333333333333,0.0,0.0,0.0,0.0,0.0,0.13333332888888902,0.0,0.0,0.0,0.0,0.033333332222222255,0.0,0.0,0.0,0.0,0.0,0.0,1.0,-8.84284257438039,0.0,4.399999853333338
0.0,0.0,0.0,0.0,0.119047616213152,0.7857142670068032,0.0,0.0,0.0238095232426304,0.119047616213152,0.0238095232426304,0.14285714285714285,1.1428571428571428,1.1428571428571428,0.0,0.0,0.0476190464852608,0.0,0.0,0.0,0.14285714285714285,0.125,0.0238095232426304,0.0,0.0,0.0,83.91642857142858,0.0,0.0238095232426304,0.0,158.22199999999998,54.88,6.0,6.0,0.0,54.88,0.0,4.214285714285714,0.0238095232426304,7.0,0.0,0.30952380952380953,0.0238095232426304,0.0,0.0,0.0238095232426304,0.0238095232426304,0.0714285697278912,0.0238095232426304,0.0,0.0,0.0,0.0,0.0,0.0,0.0,0.0,0.0,0.0,1.0,-8.429137988102013,0.0,4.309523706916102
